{"cameraMode":{"drawMode":0,"name":"Shaded","section":"Shading Mode"},"sceneLighting":true,"audioPlay":false,"sceneViewState":{"showFog":true,"showMaterialUpdate":false,"showSkybox":true,"showFlares":true,"showImageEffects":true,"showParticleSystems":true},"in2DMode":false,"pivot":{"x":-0.020358547568321229,"y":1.712390661239624,"z":-0.1600661277770996},"rotation":{"x":0.23652979731559754,"y":-0.011663521640002728,"z":0.0028392579406499864,"w":0.9715520143508911},"size":2.372969388961792,"orthographic":false}